datetime,equity
2026-07-28 08:30:00,10000.0
2026-07-28 08:45:00,9999.999661435
2026-07-28 09:00:00,9999.99992
2026-07-28 09:15:00,10000.000049342
2026-07-28 09:30:00,10000.000178684
2026-07-28 09:45:00,10000.000308026
2026-07-28 10:00:00,9999.999790777
2026-07-28 10:15:00,9999.999790777
2026-07-28 10:30:00,9999.999402989
2026-07-28 10:45:00,9999.998757471
2026-07-28 11:00:00,9999.998757471
2026-07-28 11:15:00,9999.998757471
2026-07-28 11:30:00,9999.998886455
2026-07-28 11:45:00,9999.999144663001
2026-07-28 12:00:00,9999.999015559
2026-07-28 12:15:00,9999.999661435
2026-07-28 12:30:00,9999.999532212
2026-07-28 12:45:00,9999.999790777
2026-07-28 13:00:00,9999.999661435
2026-07-28 13:15:00,9999.999402989
2026-07-28 13:30:00,9999.999661435
2026-07-28 13:45:00,9999.999790777
2026-07-28 14:00:00,9999.999790777
2026-07-28 14:15:00,9999.99992
2026-07-28 14:30:00,10000.000049342
2026-07-28 14:45:00,10000.000178684
2026-07-28 15:00:00,10000.000437487
2026-07-28 15:15:00,10000.000825871
2026-07-28 15:30:00,10000.001085032
2026-07-28 15:45:00,10000.001733173
2026-07-28 16:00:00,10000.002512087
2026-07-28 16:15:00,10000.002771963
2026-07-28 16:30:00,10000.003161896
2026-07-28 16:45:00,10000.003161896
2026-07-28 17:00:00,10000.00342213
2026-07-28 17:15:00,10000.003552188
2026-07-28 17:30:00,10000.003161896
2026-07-28 17:45:00,10000.002771963
2026-07-28 18:00:00,10000.002512087
2026-07-28 18:15:00,10000.002382148
2026-07-28 18:30:00,10000.002252329
2026-07-28 18:45:00,10000.002122511
2026-07-28 19:00:00,10000.001992692
2026-07-28 19:15:00,10000.001862873
2026-07-28 19:30:00,10000.001992692
2026-07-28 19:45:00,10000.001733173
2026-07-28 20:00:00,10000.001862873
2026-07-28 20:15:00,10000.001992692
2026-07-28 20:30:00,10000.002122511
2026-07-28 20:45:00,10000.001862873
2026-07-28 21:00:00,10000.001992692
2026-07-28 21:15:00,10000.001733173
2026-07-28 21:30:00,10000.001862873
2026-07-28 21:45:00,10000.001733173
2026-07-28 22:00:00,10000.002122511
2026-07-28 22:15:00,10000.002252329
2026-07-28 22:30:00,10000.002252329
2026-07-28 22:45:00,10000.002252329
2026-07-28 23:00:00,10000.001992692
2026-07-28 23:15:00,10000.001603473
2026-07-28 23:30:00,10000.001603473
2026-07-28 23:45:00,10000.001603473
2026-07-29 00:00:00,10000.001473774
2026-07-29 00:15:00,10000.001603473
2026-07-29 00:30:00,10000.001603473
2026-07-29 00:45:00,10000.001733173
2026-07-29 01:00:00,10000.001473774
2026-07-29 01:15:00,10000.001992692
2026-07-29 01:30:00,10000.001992692
2026-07-29 01:45:00,10000.002122511
2026-07-29 02:00:00,10000.001992692
2026-07-29 02:15:00,10000.002252329
2026-07-29 02:30:00,10000.001733173
2026-07-29 02:45:00,10000.002252329
2026-07-29 03:00:00,10000.002512087
2026-07-29 03:15:00,10000.002512087
2026-07-29 03:30:00,10000.002641905001
2026-07-29 03:45:00,10000.002512087
2026-07-29 04:00:00,10000.002641905001
2026-07-29 04:15:00,10000.003031958
2026-07-29 04:30:00,10000.003031958
2026-07-29 04:45:00,10000.002771963
2026-07-29 05:00:00,10000.003031958
2026-07-29 05:15:00,10000.003031958
2026-07-29 05:30:00,10000.00342213
2026-07-29 05:45:00,10000.003291954
2026-07-29 06:00:00,10000.003291954
2026-07-29 06:15:00,10000.003031958
2026-07-29 06:30:00,10000.003031958
2026-07-29 06:45:00,10000.002901901
2026-07-29 07:00:00,10000.002771963
2026-07-29 07:15:00,10000.002512087
2026-07-29 07:30:00,10000.002512087
2026-07-29 07:45:00,10000.002252329
2026-07-29 08:00:00,10000.002512087
2026-07-29 08:15:00,10000.002771963
2026-07-29 08:30:00,10000.002901901
2026-07-29 08:45:00,10000.002901901
2026-07-29 09:00:00,10000.002641905001
2026-07-29 09:15:00,10000.002641905001
2026-07-29 09:30:00,10000.002901901
2026-07-29 09:45:00,10000.002771963
2026-07-29 10:00:00,10000.002641905001
2026-07-29 10:15:00,10000.002641905001
2026-07-29 10:30:00,10000.002512087
2026-07-29 10:45:00,10000.002382148
2026-07-29 11:00:00,10000.002252329
2026-07-29 11:15:00,10000.001992692
2026-07-29 11:30:00,10000.001862873
2026-07-29 11:45:00,10000.001603473
2026-07-29 12:00:00,10000.001862873
2026-07-29 12:15:00,10000.001862873
2026-07-29 12:30:00,10000.001344193
2026-07-29 12:45:00,10000.001214493
2026-07-29 13:00:00,10000.001085032
2026-07-29 13:15:00,10000.000825871
2026-07-29 13:30:00,10000.001085032
2026-07-29 13:45:00,10000.000825871
2026-07-29 14:00:00,10000.001085032
2026-07-29 14:15:00,10000.001733173
2026-07-29 14:30:00,10000.001733173
2026-07-29 14:45:00,10000.002122511
2026-07-29 15:00:00,10000.001992692
2026-07-29 15:15:00,10000.002512087
2026-07-29 15:30:00,10000.002252329
2026-07-29 15:45:00,10000.001214493
2026-07-29 16:00:00,10000.001603473
2026-07-29 16:15:00,10000.001214493
2026-07-29 16:30:00,10000.001214493
2026-07-29 16:45:00,10000.001344193
2026-07-29 17:00:00,10000.001085032
2026-07-29 17:15:00,10000.001344193
2026-07-29 17:30:00,10000.001344193
2026-07-29 17:45:00,10000.001603473
2026-07-29 18:00:00,10000.002122511
2026-07-29 18:15:00,10000.002122511
2026-07-29 18:30:00,10000.002641905001
2026-07-29 18:45:00,10000.002771963
2026-07-29 19:00:00,10000.005638231
2026-07-29 19:15:00,10000.005115975
2026-07-29 19:30:00,10000.00642239
2026-07-29 19:45:00,10000.008125294
2026-07-29 20:00:00,10000.008125294
2026-07-29 20:15:00,10000.008387674001
2026-07-29 20:30:00,10000.008912791
2026-07-29 20:45:00,10000.007994045
2026-07-29 21:00:00,10000.008256425
2026-07-29 21:15:00,10000.008650173
2026-07-29 21:30:00,10000.00970148
2026-07-29 21:45:00,10000.009833087
2026-07-29 22:00:00,10000.009307016
2026-07-29 22:15:00,10000.009570111
2026-07-29 22:30:00,10000.00970148
2026-07-29 22:45:00,10000.009307016
2026-07-29 23:00:00,10000.009964694
2026-07-29 23:15:00,10000.009833087
2026-07-29 23:30:00,10000.010096301
2026-07-29 23:45:00,10000.010227908
2026-07-30 00:00:00,10000.010096301
2026-07-30 00:15:00,10000.009833087
2026-07-30 00:30:00,10000.00970148
2026-07-30 00:45:00,10000.009833087
2026-07-30 01:00:00,10000.009833087
2026-07-30 01:15:00,10000.008912791
2026-07-30 01:30:00,10000.008781422
2026-07-30 01:45:00,10000.008912791
2026-07-30 02:00:00,10000.009044279
2026-07-30 02:15:00,10000.008650173
2026-07-30 02:30:00,10000.008781422
2026-07-30 02:45:00,10000.008387674001
2026-07-30 03:00:00,10000.008387674001
2026-07-30 03:15:00,10000.008387674001
2026-07-30 03:30:00,10000.008518923
2026-07-30 03:45:00,10000.008387674001
2026-07-30 04:00:00,10000.008256425
2026-07-30 04:15:00,10000.008125294
2026-07-30 04:30:00,10000.008387674001
2026-07-30 04:45:00,10000.008125294
2026-07-30 05:00:00,10000.008387674001
2026-07-30 05:15:00,10000.008387674001
2026-07-30 05:30:00,10000.008387674001
2026-07-30 05:45:00,10000.008125294
2026-07-30 06:00:00,10000.008650173
2026-07-30 06:15:00,10000.008650173
2026-07-30 06:30:00,10000.008256425
2026-07-30 06:45:00,10000.008125294
2026-07-30 07:00:00,10000.007469643
2026-07-30 07:15:00,10000.007600773
2026-07-30 07:30:00,10000.007862915
2026-07-30 07:45:00,10000.007862915
2026-07-30 08:00:00,10000.007338632
2026-07-30 08:15:00,10000.006814827
2026-07-30 08:30:00,10000.006945838
2026-07-30 08:45:00,10000.006945838
2026-07-30 09:00:00,10000.007862915
2026-07-30 09:15:00,10000.008518923
2026-07-30 09:30:00,10000.008125294
2026-07-30 09:45:00,10000.007994045
2026-07-30 10:00:00,10000.008912791
2026-07-30 10:15:00,10000.009438504001
2026-07-30 10:30:00,10000.009307016
2026-07-30 10:45:00,10000.009570111
2026-07-30 11:00:00,10000.010096301
2026-07-30 11:15:00,10000.010359634
2026-07-30 11:30:00,10000.011282195
2026-07-30 11:45:00,10000.01049136
2026-07-30 12:00:00,10000.010359634
2026-07-30 12:15:00,10000.009833087
2026-07-30 12:30:00,10000.00970148
2026-07-30 12:45:00,10000.010623087
2026-07-30 13:00:00,10000.011150349
2026-07-30 13:15:00,10000.010886658
2026-07-30 13:30:00,10000.011282195
2026-07-30 13:45:00,10000.01049136
2026-07-30 14:00:00,10000.01049136
2026-07-30 14:15:00,10000.011150349
2026-07-30 14:30:00,10000.013264288
2026-07-30 14:45:00,10000.015385855
2026-07-30 15:00:00,10000.015651692
2026-07-30 15:15:00,10000.015120257
2026-07-30 15:30:00,10000.014191497
2026-07-30 15:45:00,10000.013529051
2026-07-30 16:00:00,10000.01339661
2026-07-30 16:15:00,10000.014589418
2026-07-30 16:30:00,10000.015253056
2026-07-30 16:45:00,10000.015253056
2026-07-30 17:00:00,10000.015518774
2026-07-30 17:15:00,10000.016050566
2026-07-30 17:30:00,10000.015651692
2026-07-30 17:45:00,10000.015917529001
2026-07-30 18:00:00,10000.015253056
2026-07-30 18:15:00,10000.015120257
2026-07-30 18:30:00,10000.015917529001
2026-07-30 18:45:00,10000.015917529001
2026-07-30 19:00:00,10000.016582836
2026-07-30 19:15:00,10000.016050566
2026-07-30 19:30:00,10000.016183604
2026-07-30 19:45:00,10000.016582836
2026-07-30 20:00:00,10000.016183604
2026-07-30 20:15:00,10000.016316641
2026-07-30 20:30:00,10000.016183604
2026-07-30 20:45:00,10000.016316641
2026-07-30 21:00:00,10000.016183604
2026-07-30 21:15:00,10000.015917529001
2026-07-30 21:30:00,10000.015784610001
2026-07-30 21:45:00,10000.015917529001
2026-07-30 22:00:00,10000.015651692
2026-07-30 22:15:00,10000.015518774
2026-07-30 22:30:00,10000.015784610001
2026-07-30 22:45:00,10000.015651692
2026-07-30 23:00:00,10000.015784610001
2026-07-30 23:15:00,10000.015784610001
2026-07-30 23:30:00,10000.016050566
2026-07-30 23:45:00,10000.015917529001
2026-07-31 00:00:00,10000.015651692
2026-07-31 00:15:00,10000.015651692
2026-07-31 00:30:00,10000.015518774
2026-07-31 00:45:00,10000.015385855
2026-07-31 01:00:00,10000.015385855
2026-07-31 01:15:00,10000.015385855
2026-07-31 01:30:00,10000.014722098
2026-07-31 01:45:00,10000.014987458
2026-07-31 02:00:00,10000.014722098
2026-07-31 02:15:00,10000.014854778
2026-07-31 02:30:00,10000.014589418
2026-07-31 02:45:00,10000.014191497
2026-07-31 03:00:00,10000.014722098
2026-07-31 03:15:00,10000.014456738
2026-07-31 03:30:00,10000.014324177
2026-07-31 03:45:00,10000.014324177
2026-07-31 04:00:00,10000.014191497
2026-07-31 04:15:00,10000.014058937
2026-07-31 04:30:00,10000.013793934
2026-07-31 04:45:00,10000.014456738
2026-07-31 05:00:00,10000.014324177
2026-07-31 05:15:00,10000.014324177
2026-07-31 05:30:00,10000.013793934
2026-07-31 05:45:00,10000.013926376001
2026-07-31 06:00:00,10000.013793934
2026-07-31 06:15:00,10000.013793934
2026-07-31 06:30:00,10000.013793934
2026-07-31 06:45:00,10000.013793934
2026-07-31 07:00:00,10000.014589418
2026-07-31 07:15:00,10000.015253056
2026-07-31 07:30:00,10000.014324177
2026-07-31 07:45:00,10000.014854778
2026-07-31 08:00:00,10000.014854778
2026-07-31 08:15:00,10000.014722098
2026-07-31 08:30:00,10000.014987458
2026-07-31 08:45:00,10000.014456738
2026-07-31 09:00:00,10000.014191497
2026-07-31 09:15:00,10000.014058937
2026-07-31 09:30:00,10000.013926376001
2026-07-31 09:45:00,10000.015651692
2026-07-31 10:00:00,10000.014722098
2026-07-31 10:15:00,10000.014058937
2026-07-31 10:30:00,10000.013661493
2026-07-31 10:45:00,10000.013661493
2026-07-31 11:00:00,10000.013926376001
2026-07-31 11:15:00,10000.01339661
2026-07-31 11:30:00,10000.013529051
2026-07-31 11:45:00,10000.013264288
2026-07-31 12:00:00,10000.012999524
2026-07-31 12:15:00,10000.012470711
2026-07-31 12:30:00,10000.012206305
2026-07-31 12:45:00,10000.011678089
2026-07-31 13:00:00,10000.011810173
2026-07-31 13:15:00,10000.011546124
2026-07-31 13:30:00,10000.011678089
2026-07-31 13:45:00,10000.012074221
2026-07-31 14:00:00,10000.011942137
2026-07-31 14:15:00,10000.013131846
2026-07-31 14:30:00,10000.010096301
2026-07-31 14:45:00,10000.009833087
2026-07-31 15:00:00,10000.01049136
2026-07-31 15:15:00,10000.010886658
2026-07-31 15:30:00,10000.012074221
2026-07-31 15:45:00,10000.013661493
2026-07-31 16:00:00,10000.01339661
2026-07-31 16:15:00,10000.01339661
2026-07-31 16:30:00,10000.014058937
2026-07-31 16:45:00,10000.014987458
2026-07-31 17:00:00,10000.014987458
2026-07-31 17:15:00,10000.014456738
2026-07-31 17:30:00,10000.014456738
2026-07-31 17:45:00,10000.014854778
2026-07-31 18:00:00,10000.015385855
2026-07-31 18:15:00,10000.015784610001
2026-07-31 18:30:00,10000.016582836
2026-07-31 18:45:00,10000.016582836
2026-07-31 19:00:00,10000.016183604
2026-07-31 19:15:00,10000.016050566
2026-07-31 19:30:00,10000.015917529001
2026-07-31 19:45:00,10000.016183604
2026-07-31 20:00:00,10000.016316641
2026-07-31 20:15:00,10000.016316641
2026-07-31 20:30:00,10000.016316641
2026-07-31 20:45:00,10000.016183604
2026-07-31 21:00:00,10000.015917529001
2026-07-31 21:15:00,10000.016715993
2026-07-31 21:30:00,10000.017115582
2026-07-31 21:45:00,10000.016050566
2026-07-31 22:00:00,10000.015518774
2026-07-31 22:15:00,10000.015518774
2026-08-03 00:00:00,10000.017648805
2026-08-03 00:15:00,10000.017648805
2026-08-03 00:30:00,10000.01751541
2026-08-03 00:45:00,10000.01751541
2026-08-03 01:00:00,10000.016849149
2026-08-03 01:15:00,10000.017915596
2026-08-03 01:30:00,10000.018583168001
2026-08-03 01:45:00,10000.017382134
2026-08-03 02:00:00,10000.016715993
2026-08-03 02:15:00,10000.016316641
2026-08-03 02:30:00,10000.016316641
2026-08-03 02:45:00,10000.016316641
2026-08-03 03:00:00,10000.016183604
2026-08-03 03:15:00,10000.016449679
2026-08-03 03:30:00,10000.016316641
2026-08-03 03:45:00,10000.016183604
2026-08-03 04:00:00,10000.015917529001
2026-08-03 04:15:00,10000.016050566
2026-08-03 04:30:00,10000.015917529001
2026-08-03 04:45:00,10000.016183604
2026-08-03 05:00:00,10000.016316641
2026-08-03 05:15:00,10000.016449679
2026-08-03 05:30:00,10000.016715993
2026-08-03 05:45:00,10000.016582836
2026-08-03 06:00:00,10000.016449679
2026-08-03 06:15:00,10000.016449679
2026-08-03 06:30:00,10000.016715993
2026-08-03 06:45:00,10000.016849149
2026-08-03 07:00:00,10000.016449679
2026-08-03 07:15:00,10000.016449679
2026-08-03 07:30:00,10000.015651692
2026-08-03 07:45:00,10000.015784610001
2026-08-03 08:00:00,10000.016050566
2026-08-03 08:15:00,10000.016050566
2026-08-03 08:30:00,10000.015784610001
2026-08-03 08:45:00,10000.015784610001
2026-08-03 09:00:00,10000.015784610001
2026-08-03 09:15:00,10000.015518774
2026-08-03 09:30:00,10000.015651692
2026-08-03 09:45:00,10000.015385855
2026-08-03 10:00:00,10000.015651692
2026-08-03 10:15:00,10000.015518774
2026-08-03 10:30:00,10000.015917529001
2026-08-03 10:45:00,10000.015385855
2026-08-03 11:00:00,10000.015518774
2026-08-03 11:15:00,10000.015385855
2026-08-03 11:30:00,10000.015253056
2026-08-03 11:45:00,10000.015385855
2026-08-03 12:00:00,10000.015651692
2026-08-03 12:15:00,10000.015253056
2026-08-03 12:30:00,10000.015651692
2026-08-03 12:45:00,10000.016316641
2026-08-03 13:00:00,10000.016183604
2026-08-03 13:15:00,10000.016183604
2026-08-03 13:30:00,10000.015651692
2026-08-03 13:45:00,10000.015917529001
2026-08-03 14:00:00,10000.016050566
2026-08-03 14:15:00,10000.016316641
2026-08-03 14:30:00,10000.015784610001
2026-08-03 14:45:00,10000.015784610001
2026-08-03 15:00:00,10000.014722098
2026-08-03 15:15:00,10000.014722098
2026-08-03 15:30:00,10000.014456738
2026-08-03 15:45:00,10000.014589418
2026-08-03 16:00:00,10000.01339661
2026-08-03 16:15:00,10000.013529051
2026-08-03 16:30:00,10000.013529051
2026-08-03 16:45:00,10000.014058937
2026-08-03 17:00:00,10000.013926376001
2026-08-03 17:15:00,10000.013661493
2026-08-03 17:30:00,10000.013793934
2026-08-03 17:45:00,10000.013793934
2026-08-03 18:00:00,10000.013529051
2026-08-03 18:15:00,10000.013529051
2026-08-03 18:30:00,10000.013529051
2026-08-03 18:45:00,10000.013264288
2026-08-03 19:00:00,10000.013661493
2026-08-03 19:15:00,10000.014058937
2026-08-03 19:30:00,10000.014324177
2026-08-03 19:45:00,10000.014456738
2026-08-03 20:00:00,10000.014456738
2026-08-03 20:15:00,10000.014456738
2026-08-03 20:30:00,10000.014324177
2026-08-03 20:45:00,10000.014191497
2026-08-03 21:00:00,10000.013926376001
2026-08-03 21:15:00,10000.013793934
2026-08-03 21:30:00,10000.014058937
2026-08-03 21:45:00,10000.013926376001
2026-08-03 22:00:00,10000.014191497
2026-08-03 22:15:00,10000.014058937
2026-08-03 22:30:00,10000.014191497
2026-08-03 22:45:00,10000.014191497
2026-08-03 23:00:00,10000.013793934
2026-08-03 23:15:00,10000.013793934
2026-08-03 23:30:00,10000.013926376001
2026-08-03 23:45:00,10000.013926376001
2026-08-04 00:00:00,10000.014058937
2026-08-04 00:15:00,10000.014058937
2026-08-04 00:30:00,10000.013926376001
2026-08-04 00:45:00,10000.013793934
2026-08-04 01:00:00,10000.014058937
2026-08-04 01:15:00,10000.014324177
2026-08-04 01:30:00,10000.014324177
2026-08-04 01:45:00,10000.013661493
2026-08-04 02:00:00,10000.013661493
2026-08-04 02:15:00,10000.013926376001
2026-08-04 02:30:00,10000.014589418
2026-08-04 02:45:00,10000.014324177
2026-08-04 03:00:00,10000.014324177
2026-08-04 03:15:00,10000.014058937
2026-08-04 03:30:00,10000.014324177
2026-08-04 03:45:00,10000.013926376001
2026-08-04 04:00:00,10000.014058937
2026-08-04 04:15:00,10000.014324177
2026-08-04 04:30:00,10000.013926376001
2026-08-04 04:45:00,10000.013926376001
2026-08-04 05:00:00,10000.013793934
2026-08-04 05:15:00,10000.013926376001
2026-08-04 05:30:00,10000.014058937
2026-08-04 05:45:00,10000.014058937
2026-08-04 06:00:00,10000.013793934
2026-08-04 06:15:00,10000.014058937
2026-08-04 06:30:00,10000.013661493
2026-08-04 06:45:00,10000.013793934
2026-08-04 07:00:00,10000.013926376001
2026-08-04 07:15:00,10000.013793934
2026-08-04 07:30:00,10000.013529051
2026-08-04 07:45:00,10000.013793934
2026-08-04 08:00:00,10000.014058937
2026-08-04 08:15:00,10000.014324177
2026-08-04 08:30:00,10000.014058937
2026-08-04 08:45:00,10000.014191497
2026-08-04 09:00:00,10000.014058937
2026-08-04 09:15:00,10000.014324177
2026-08-04 09:30:00,10000.014058937
2026-08-04 09:45:00,10000.013926376001
2026-08-04 10:00:00,10000.013793934
2026-08-04 10:15:00,10000.014191497
2026-08-04 10:30:00,10000.013926376001
2026-08-04 10:45:00,10000.013926376001
2026-08-04 11:00:00,10000.014058937
2026-08-04 11:15:00,10000.014058937
2026-08-04 11:30:00,10000.014456738
2026-08-04 11:45:00,10000.014456738
2026-08-04 12:00:00,10000.014722098
2026-08-04 12:15:00,10000.015120257
2026-08-04 12:30:00,10000.015385855
2026-08-04 12:45:00,10000.014722098
2026-08-04 13:00:00,10000.014589418
2026-08-04 13:15:00,10000.014589418
2026-08-04 13:30:00,10000.015253056
2026-08-04 13:45:00,10000.014589418
2026-08-04 14:00:00,10000.014324177
2026-08-04 14:15:00,10000.014722098
2026-08-04 14:30:00,10000.015518774
2026-08-04 14:45:00,10000.015518774
2026-08-04 15:00:00,10000.016050566
2026-08-04 15:15:00,10000.015917529001
2026-08-04 15:30:00,10000.015518774
2026-08-04 15:45:00,10000.015385855
2026-08-04 16:00:00,10000.014987458
2026-08-04 16:15:00,10000.014854778
2026-08-04 16:30:00,10000.015253056
2026-08-04 16:45:00,10000.015651692
2026-08-04 17:00:00,10000.015253056
2026-08-04 17:15:00,10000.015120257
2026-08-04 17:30:00,10000.014987458
2026-08-04 17:45:00,10000.014987458
2026-08-04 18:00:00,10000.015385855
2026-08-04 18:15:00,10000.015253056
2026-08-04 18:30:00,10000.015651692
2026-08-04 18:45:00,10000.015518774
2026-08-04 19:00:00,10000.015518774
2026-08-04 19:15:00,10000.015651692
2026-08-04 19:30:00,10000.015784610001
2026-08-04 19:45:00,10000.016316641
2026-08-04 20:00:00,10000.016183604
2026-08-04 20:15:00,10000.016316641
2026-08-04 20:30:00,10000.016316641
2026-08-04 20:45:00,10000.016183604
2026-08-04 21:00:00,10000.016316641
2026-08-04 21:15:00,10000.016316641
2026-08-04 21:30:00,10000.016183604
2026-08-04 21:45:00,10000.016316641
2026-08-04 22:00:00,10000.015917529001
2026-08-04 22:15:00,10000.015917529001
2026-08-04 22:30:00,10000.016183604
2026-08-04 22:45:00,10000.016050566
2026-08-04 23:00:00,10000.016316641
2026-08-04 23:15:00,10000.016183604
2026-08-04 23:30:00,10000.016316641
2026-08-04 23:45:00,10000.016316641
2026-08-05 00:00:00,10000.016316641
2026-08-05 00:15:00,10000.016183604
2026-08-05 00:30:00,10000.016183604
2026-08-05 00:45:00,10000.016316641
2026-08-05 01:00:00,10000.016449679
2026-08-05 01:15:00,10000.016582836
2026-08-05 01:30:00,10000.016449679
2026-08-05 01:45:00,10000.016183604
2026-08-05 02:00:00,10000.016183604
2026-08-05 02:15:00,10000.015917529001
2026-08-05 02:30:00,10000.015917529001
2026-08-05 02:45:00,10000.015784610001
2026-08-05 03:00:00,10000.016050566
2026-08-05 03:15:00,10000.016449679
2026-08-05 03:30:00,10000.017115582
2026-08-05 03:45:00,10000.016582836
2026-08-05 04:00:00,10000.017115582
2026-08-05 04:15:00,10000.016849149
2026-08-05 04:30:00,10000.016715993
2026-08-05 04:45:00,10000.016849149
2026-08-05 05:00:00,10000.016982306
2026-08-05 05:15:00,10000.016982306
2026-08-05 05:30:00,10000.016849149
2026-08-05 05:45:00,10000.016715993
2026-08-05 06:00:00,10000.016449679
2026-08-05 06:15:00,10000.016582836
2026-08-05 06:30:00,10000.016715993
2026-08-05 06:45:00,10000.016715993
2026-08-05 07:00:00,10000.016715993
2026-08-05 07:15:00,10000.016582836
2026-08-05 07:30:00,10000.017382134
2026-08-05 07:45:00,10000.017648805
2026-08-05 08:00:00,10000.016982306
2026-08-05 08:15:00,10000.016582836
2026-08-05 08:30:00,10000.016715993
2026-08-05 08:45:00,10000.016982306
2026-08-05 09:00:00,10000.016849149
2026-08-05 09:15:00,10000.017382134
2026-08-05 09:30:00,10000.016582836
2026-08-05 09:45:00,10000.016715993
2026-08-05 10:00:00,10000.016849149
2026-08-05 10:15:00,10000.017115582
2026-08-05 10:30:00,10000.017248858001
2026-08-05 10:45:00,10000.017115582
2026-08-05 11:00:00,10000.016715993
2026-08-05 11:15:00,10000.016849149
2026-08-05 11:30:00,10000.016849149
2026-08-05 11:45:00,10000.017115582
2026-08-05 12:00:00,10000.017648805
2026-08-05 12:15:00,10000.017915596
2026-08-05 12:30:00,10000.018449534
2026-08-05 12:45:00,10000.01831602
2026-08-05 13:00:00,10000.01831602
2026-08-05 13:15:00,10000.018449534
2026-08-05 13:30:00,10000.017915596
2026-08-05 13:45:00,10000.017648805
2026-08-05 14:00:00,10000.017648805
2026-08-05 14:15:00,10000.01831602
2026-08-05 14:30:00,10000.0177822
2026-08-05 14:45:00,10000.01751541
2026-08-05 15:00:00,10000.018449534
2026-08-05 15:15:00,10000.018182624
2026-08-05 15:30:00,10000.01831602
2026-08-05 15:45:00,10000.018449534
2026-08-05 16:00:00,10000.01804911
2026-08-05 16:15:00,10000.0177822
2026-08-05 16:30:00,10000.01804911
2026-08-05 16:45:00,10000.0177822
2026-08-05 17:00:00,10000.0177822
2026-08-05 17:15:00,10000.017915596
2026-08-05 17:30:00,10000.017648805
2026-08-05 17:45:00,10000.017648805
2026-08-05 18:00:00,10000.01751541
2026-08-05 18:15:00,10000.01804911
2026-08-05 18:30:00,10000.018449534
2026-08-05 18:45:00,10000.018716682
2026-08-05 19:00:00,10000.018716682
2026-08-05 19:15:00,10000.018984069
2026-08-05 19:30:00,10000.018583168001
2026-08-05 19:45:00,10000.018583168001
2026-08-05 20:00:00,10000.01831602
2026-08-05 20:15:00,10000.017915596
2026-08-05 20:30:00,10000.01804911
2026-08-05 20:45:00,10000.018182624
2026-08-05 21:00:00,10000.018182624
2026-08-05 21:15:00,10000.018182624
2026-08-05 21:30:00,10000.01831602
2026-08-05 21:45:00,10000.018449534
2026-08-05 22:00:00,10000.018182624
2026-08-05 22:15:00,10000.018449534
2026-08-05 22:30:00,10000.018583168001
2026-08-05 22:45:00,10000.01831602
2026-08-05 23:00:00,10000.018449534
2026-08-05 23:15:00,10000.018583168001
2026-08-05 23:30:00,10000.018583168001
2026-08-05 23:45:00,10000.018583168001
2026-08-06 00:00:00,10000.018716682
2026-08-06 00:15:00,10000.018583168001
2026-08-06 00:30:00,10000.018716682
2026-08-06 00:45:00,10000.018850435
2026-08-06 01:00:00,10000.018583168001
2026-08-06 01:15:00,10000.018716682
2026-08-06 01:30:00,10000.018716682
2026-08-06 01:45:00,10000.018716682
2026-08-06 02:00:00,10000.018716682
2026-08-06 02:15:00,10000.018583168001
2026-08-06 02:30:00,10000.018716682
2026-08-06 02:45:00,10000.018583168001
2026-08-06 03:00:00,10000.018716682
2026-08-06 03:15:00,10000.018716682
2026-08-06 03:30:00,10000.018850435
2026-08-06 03:45:00,10000.018449534
2026-08-06 04:00:00,10000.01831602
2026-08-06 04:15:00,10000.018182624
2026-08-06 04:30:00,10000.017915596
2026-08-06 04:45:00,10000.01804911
2026-08-06 05:00:00,10000.01804911
2026-08-06 05:15:00,10000.017915596
2026-08-06 05:30:00,10000.017915596
2026-08-06 05:45:00,10000.01804911
2026-08-06 06:00:00,10000.017648805
2026-08-06 06:15:00,10000.017648805
2026-08-06 06:30:00,10000.01804911
2026-08-06 06:45:00,10000.01804911
2026-08-06 07:00:00,10000.0177822
2026-08-06 07:15:00,10000.0177822
2026-08-06 07:30:00,10000.017648805
2026-08-06 07:45:00,10000.017648805
2026-08-06 08:00:00,10000.017648805
2026-08-06 08:15:00,10000.017648805
2026-08-06 08:30:00,10000.017648805
2026-08-06 08:45:00,10000.01751541
2026-08-06 09:00:00,10000.017382134
2026-08-06 09:15:00,10000.017248858001
2026-08-06 09:30:00,10000.017382134
2026-08-06 09:45:00,10000.017382134
2026-08-06 10:00:00,10000.01751541
2026-08-06 10:15:00,10000.017382134
2026-08-06 10:30:00,10000.016849149
2026-08-06 10:45:00,10000.016982306
2026-08-06 11:00:00,10000.016849149
2026-08-06 11:15:00,10000.017248858001
2026-08-06 11:30:00,10000.017248858001
2026-08-06 11:45:00,10000.017248858001
2026-08-06 12:00:00,10000.017382134
2026-08-06 12:15:00,10000.017648805
2026-08-06 12:30:00,10000.016982306
2026-08-06 12:45:00,10000.017648805
2026-08-06 13:00:00,10000.017115582
2026-08-06 13:15:00,10000.017382134
2026-08-06 13:30:00,10000.017248858001
2026-08-06 13:45:00,10000.016982306
2026-08-06 14:00:00,10000.016982306
2026-08-06 14:15:00,10000.016982306
2026-08-06 14:30:00,10000.017382134
2026-08-06 14:45:00,10000.01751541
2026-08-06 15:00:00,10000.016582836
2026-08-06 15:15:00,10000.016582836
2026-08-06 15:30:00,10000.016715993
2026-08-06 15:45:00,10000.016582836
2026-08-06 16:00:00,10000.016050566
2026-08-06 16:15:00,10000.015518774
2026-08-06 16:30:00,10000.015385855
2026-08-06 16:45:00,10000.015253056
2026-08-06 17:00:00,10000.015120257
2026-08-06 17:15:00,10000.015120257
2026-08-06 17:30:00,10000.014854778
2026-08-06 17:45:00,10000.015120257
2026-08-06 18:00:00,10000.015120257
2026-08-06 18:15:00,10000.015120257
2026-08-06 18:30:00,10000.014987458
2026-08-06 18:45:00,10000.015385855
2026-08-06 19:00:00,10000.015518774
2026-08-06 19:15:00,10000.015385855
2026-08-06 19:30:00,10000.015385855
2026-08-06 19:45:00,10000.015518774
2026-08-06 20:00:00,10000.015385855
2026-08-06 20:15:00,10000.014987458
2026-08-06 20:30:00,10000.014987458
2026-08-06 20:45:00,10000.015385855
2026-08-06 21:00:00,10000.015253056
2026-08-06 21:15:00,10000.015120257
2026-08-06 21:30:00,10000.015253056
2026-08-06 21:45:00,10000.015518774
2026-08-06 22:00:00,10000.015253056
2026-08-06 22:15:00,10000.015518774
2026-08-06 22:30:00,10000.014987458
2026-08-06 22:45:00,10000.015253056
2026-08-06 23:00:00,10000.015253056
2026-08-06 23:15:00,10000.015385855
2026-08-06 23:30:00,10000.015385855
2026-08-06 23:45:00,10000.015253056
2026-08-07 00:00:00,10000.015385855
2026-08-07 00:15:00,10000.015518774
2026-08-07 00:30:00,10000.015518774
2026-08-07 00:45:00,10000.015518774
2026-08-07 01:00:00,10000.015253056
2026-08-07 01:15:00,10000.015253056
2026-08-07 01:30:00,10000.015253056
2026-08-07 01:45:00,10000.014987458
2026-08-07 02:00:00,10000.015385855
2026-08-07 02:15:00,10000.015253056
2026-08-07 02:30:00,10000.015651692
2026-08-07 02:45:00,10000.015253056
2026-08-07 03:00:00,10000.015253056
2026-08-07 03:15:00,10000.015385855
2026-08-07 03:30:00,10000.015253056
2026-08-07 03:45:00,10000.015253056
2026-08-07 04:00:00,10000.015253056
2026-08-07 04:15:00,10000.015253056
2026-08-07 04:30:00,10000.015253056
2026-08-07 04:45:00,10000.015385855
2026-08-07 05:00:00,10000.015385855
2026-08-07 05:15:00,10000.015385855
2026-08-07 05:30:00,10000.015518774
2026-08-07 05:45:00,10000.015518774
2026-08-07 06:00:00,10000.015651692
2026-08-07 06:15:00,10000.015253056
2026-08-07 06:30:00,10000.015385855
2026-08-07 06:45:00,10000.015385855
2026-08-07 07:00:00,10000.015385855
2026-08-07 07:15:00,10000.015518774
2026-08-07 07:30:00,10000.015385855
2026-08-07 07:45:00,10000.015385855
2026-08-07 08:00:00,10000.015385855
2026-08-07 08:15:00,10000.015385855
2026-08-07 08:30:00,10000.015120257
2026-08-07 08:45:00,10000.015385855
2026-08-07 09:00:00,10000.014987458
2026-08-07 09:15:00,10000.015120257
2026-08-07 09:30:00,10000.015518774
2026-08-07 09:45:00,10000.015385855
2026-08-07 10:00:00,10000.015917529001
2026-08-07 10:15:00,10000.015917529001
2026-08-07 10:30:00,10000.015917529001
2026-08-07 10:45:00,10000.015917529001
2026-08-07 11:00:00,10000.015784610001
2026-08-07 11:15:00,10000.015917529001
2026-08-07 11:30:00,10000.015651692
2026-08-07 11:45:00,10000.015784610001
2026-08-07 12:00:00,10000.015917529001
2026-08-07 12:15:00,10000.015784610001
2026-08-07 12:30:00,10000.016316641
2026-08-07 12:45:00,10000.016449679
2026-08-07 13:00:00,10000.016582836
2026-08-07 13:15:00,10000.016183604
2026-08-07 13:30:00,10000.020456422
2026-08-07 13:45:00,10000.020456422
2026-08-07 14:00:00,10000.020590533
2026-08-07 14:15:00,10000.02018844
2026-08-07 14:30:00,10000.020322431
2026-08-07 14:45:00,10000.018850435
2026-08-07 15:00:00,10000.018850435
2026-08-07 15:15:00,10000.018850435
2026-08-07 15:30:00,10000.01831602
2026-08-07 15:45:00,10000.018449534
2026-08-07 16:00:00,10000.019251455
2026-08-07 16:15:00,10000.018850435
2026-08-07 16:30:00,10000.019251455
2026-08-07 16:45:00,10000.018984069
2026-08-07 17:00:00,10000.019652833
2026-08-07 17:15:00,10000.019385208001
2026-08-07 17:30:00,10000.019385208001
2026-08-07 17:45:00,10000.018984069
2026-08-07 18:00:00,10000.019251455
2026-08-07 18:15:00,10000.019251455
2026-08-07 18:30:00,10000.019385208001
2026-08-07 18:45:00,10000.019251455
2026-08-07 19:00:00,10000.019251455
2026-08-07 19:15:00,10000.019251455
2026-08-07 19:30:00,10000.01951908
2026-08-07 19:45:00,10000.01951908
2026-08-07 20:00:00,10000.01951908
2026-08-07 20:15:00,10000.020054568
2026-08-07 20:30:00,10000.019786705001
2026-08-07 20:45:00,10000.019251455
2026-08-07 21:00:00,10000.018984069
2026-08-07 21:15:00,10000.018850435
2026-08-07 21:30:00,10000.018984069
2026-08-07 21:45:00,10000.018850435
2026-08-07 22:00:00,10000.018984069
2026-08-07 22:15:00,10000.018984069
2026-08-10 00:00:00,10000.018850435
2026-08-10 00:15:00,10000.018850435
2026-08-10 00:30:00,10000.018850435
2026-08-10 00:45:00,10000.018716682
2026-08-10 01:00:00,10000.018984069
2026-08-10 01:15:00,10000.018716682
2026-08-10 01:30:00,10000.018583168001
2026-08-10 01:45:00,10000.018850435
2026-08-10 02:00:00,10000.018583168001
2026-08-10 02:15:00,10000.018716682
2026-08-10 02:30:00,10000.018583168001
2026-08-10 02:45:00,10000.018449534
2026-08-10 03:00:00,10000.018449534
2026-08-10 03:15:00,10000.018583168001
2026-08-10 03:30:00,10000.01831602
2026-08-10 03:45:00,10000.01831602
2026-08-10 04:00:00,10000.018182624
2026-08-10 04:15:00,10000.018182624
2026-08-10 04:30:00,10000.01804911
2026-08-10 04:45:00,10000.01804911
2026-08-10 05:00:00,10000.01804911
2026-08-10 05:15:00,10000.018182624
2026-08-10 05:30:00,10000.01804911
2026-08-10 05:45:00,10000.01831602
2026-08-10 06:00:00,10000.018182624
2026-08-10 06:15:00,10000.018182624
2026-08-10 06:30:00,10000.01831602
2026-08-10 06:45:00,10000.018583168001
2026-08-10 07:00:00,10000.018449534
2026-08-10 07:15:00,10000.018716682
2026-08-10 07:30:00,10000.018583168001
2026-08-10 07:45:00,10000.018583168001
2026-08-10 08:00:00,10000.018583168001
2026-08-10 08:15:00,10000.018716682
2026-08-10 08:30:00,10000.019251455
2026-08-10 08:45:00,10000.019251455
2026-08-10 09:00:00,10000.01951908
2026-08-10 09:15:00,10000.01951908
2026-08-10 09:30:00,10000.019385208001
2026-08-10 09:45:00,10000.019251455
2026-08-10 10:00:00,10000.019385208001
2026-08-10 10:15:00,10000.019385208001
2026-08-10 10:30:00,10000.018984069
2026-08-10 10:45:00,10000.018850435
2026-08-10 11:00:00,10000.018716682
2026-08-10 11:15:00,10000.018716682
2026-08-10 11:30:00,10000.018716682
2026-08-10 11:45:00,10000.018716682
2026-08-10 12:00:00,10000.018182624
2026-08-10 12:15:00,10000.018182624
2026-08-10 12:30:00,10000.01831602
2026-08-10 12:45:00,10000.01831602
2026-08-10 13:00:00,10000.01831602
2026-08-10 13:15:00,10000.017915596
2026-08-10 13:30:00,10000.0177822
2026-08-10 13:45:00,10000.017915596
2026-08-10 14:00:00,10000.01831602
2026-08-10 14:15:00,10000.018449534
2026-08-10 14:30:00,10000.01804911
2026-08-10 14:45:00,10000.017648805
2026-08-10 15:00:00,10000.01804911
2026-08-10 15:15:00,10000.018449534
2026-08-10 15:30:00,10000.018583168001
2026-08-10 15:45:00,10000.018182624
2026-08-10 16:00:00,10000.018182624
2026-08-10 16:15:00,10000.017915596
2026-08-10 16:30:00,10000.0177822
2026-08-10 16:45:00,10000.01831602
2026-08-10 17:00:00,10000.018449534
2026-08-10 17:15:00,10000.01831602
2026-08-10 17:30:00,10000.017915596
2026-08-10 17:45:00,10000.017915596
2026-08-10 18:00:00,10000.01751541
2026-08-10 18:15:00,10000.01751541
2026-08-10 18:30:00,10000.017648805
2026-08-10 18:45:00,10000.017382134
2026-08-10 19:00:00,10000.01751541
2026-08-10 19:15:00,10000.017382134
2026-08-10 19:30:00,10000.017648805
2026-08-10 19:45:00,10000.017382134
2026-08-10 20:00:00,10000.017248858001
2026-08-10 20:15:00,10000.017248858001
2026-08-10 20:30:00,10000.017382134
2026-08-10 20:45:00,10000.017248858001
2026-08-10 21:00:00,10000.017382134
2026-08-10 21:15:00,10000.017248858001
2026-08-10 21:30:00,10000.017382134
2026-08-10 21:45:00,10000.017382134
2026-08-10 22:00:00,10000.017382134
2026-08-10 22:15:00,10000.01751541
2026-08-10 22:30:00,10000.017382134
2026-08-10 22:45:00,10000.017248858001
2026-08-10 23:00:00,10000.017382134
2026-08-10 23:15:00,10000.017382134
2026-08-10 23:30:00,10000.01751541
2026-08-10 23:45:00,10000.01751541
2026-08-11 00:00:00,10000.017382134
2026-08-11 00:15:00,10000.017382134
2026-08-11 00:30:00,10000.017382134
2026-08-11 00:45:00,10000.0177822
2026-08-11 01:00:00,10000.0177822
2026-08-11 01:15:00,10000.017915596
2026-08-11 01:30:00,10000.01804911
2026-08-11 01:45:00,10000.0177822
2026-08-11 02:00:00,10000.0177822
2026-08-11 02:15:00,10000.017915596
2026-08-11 02:30:00,10000.0177822
2026-08-11 02:45:00,10000.0177822
2026-08-11 03:00:00,10000.017648805
2026-08-11 03:15:00,10000.017248858001
2026-08-11 03:30:00,10000.017382134
2026-08-11 03:45:00,10000.017115582
2026-08-11 04:00:00,10000.017248858001
2026-08-11 04:15:00,10000.01751541
2026-08-11 04:30:00,10000.01751541
2026-08-11 04:45:00,10000.017382134
2026-08-11 05:00:00,10000.01751541
2026-08-11 05:15:00,10000.017648805
2026-08-11 05:30:00,10000.017248858001
2026-08-11 05:45:00,10000.017382134
2026-08-11 06:00:00,10000.017248858001
2026-08-11 06:15:00,10000.017248858001
2026-08-11 06:30:00,10000.017382134
2026-08-11 06:45:00,10000.017248858001
2026-08-11 07:00:00,10000.017248858001
2026-08-11 07:15:00,10000.016849149
2026-08-11 07:30:00,10000.016849149
2026-08-11 07:45:00,10000.016715993
2026-08-11 08:00:00,10000.016982306
2026-08-11 08:15:00,10000.016849149
2026-08-11 08:30:00,10000.016449679
2026-08-11 08:45:00,10000.016316641
2026-08-11 09:00:00,10000.016449679
2026-08-11 09:15:00,10000.016449679
2026-08-11 09:30:00,10000.016849149
2026-08-11 09:45:00,10000.016715993
2026-08-11 10:00:00,10000.016582836
2026-08-11 10:15:00,10000.016449679
2026-08-11 10:30:00,10000.016582836
2026-08-11 10:45:00,10000.016715993
2026-08-11 11:00:00,10000.016715993
2026-08-11 11:15:00,10000.016715993
2026-08-11 11:30:00,10000.016715993
2026-08-11 11:45:00,10000.016715993
2026-08-11 12:00:00,10000.017115582
2026-08-11 12:15:00,10000.016982306
2026-08-11 12:30:00,10000.016849149
2026-08-11 12:45:00,10000.016849149
2026-08-11 13:00:00,10000.016849149
2026-08-11 13:15:00,10000.016715993
2026-08-11 13:30:00,10000.017115582
2026-08-11 13:45:00,10000.017382134
2026-08-11 14:00:00,10000.017248858001
2026-08-11 14:15:00,10000.017382134
2026-08-11 14:30:00,10000.01751541
2026-08-11 14:45:00,10000.01751541
2026-08-11 15:00:00,10000.017248858001
2026-08-11 15:15:00,10000.016982306
2026-08-11 15:30:00,10000.017382134
2026-08-11 15:45:00,10000.017382134
2026-08-11 16:00:00,10000.016982306
2026-08-11 16:15:00,10000.017115582
2026-08-11 16:30:00,10000.016849149
2026-08-11 16:45:00,10000.017382134
2026-08-11 17:00:00,10000.017248858001
2026-08-11 17:15:00,10000.017248858001
2026-08-11 17:30:00,10000.017248858001
2026-08-11 17:45:00,10000.017115582
2026-08-11 18:00:00,10000.016715993
2026-08-11 18:15:00,10000.016715993
2026-08-11 18:30:00,10000.016849149
2026-08-11 18:45:00,10000.016849149
2026-08-11 19:00:00,10000.016715993
