entry_time,exit_time,direction,entry,exit,size,gross_pnl,expected_gross,pnl_ok,cost,net_pnl
2021-09-10 20:30:00,2021-09-13 21:30:00,LONG,1.18117,1.181,1.0,-0.00017000000000000348,-0.00017000000000000348,True,8e-05,-0.0002500000000000035
2021-09-14 22:30:00,2021-09-15 23:30:00,LONG,1.18019,1.18194,1.0,0.0017499999999999183,0.0017499999999999183,True,8e-05,0.0016699999999999183
2021-09-17 00:30:00,2021-09-20 01:30:00,LONG,1.17614,1.17211,1.0,-0.004029999999999978,-0.004029999999999978,True,8e-05,-0.004109999999999978
2021-09-21 02:30:00,2021-09-22 03:30:00,LONG,1.17341,1.17231,1.0,-0.001100000000000101,-0.001100000000000101,True,8e-05,-0.0011800000000001009
2021-09-23 04:30:00,2021-09-24 05:30:00,LONG,1.17055,1.17381,1.0,0.0032600000000000406,0.0032600000000000406,True,8e-05,0.0031800000000000404
2021-09-27 06:30:00,2021-09-28 07:30:00,LONG,1.17141,1.16765,1.0,-0.0037599999999999856,-0.0037599999999999856,True,8e-05,-0.003839999999999986
2021-09-29 08:30:00,2021-09-30 09:30:00,LONG,1.16659,1.16,1.0,-0.006590000000000096,-0.006590000000000096,True,8e-05,-0.006670000000000096
2021-10-01 10:30:00,2021-10-04 11:30:00,LONG,1.15848,1.16277,1.0,0.004290000000000127,0.004290000000000127,True,8e-05,0.004210000000000127
2021-10-05 12:30:00,2021-10-06 13:30:00,LONG,1.16001,1.15429,1.0,-0.005719999999999947,-0.005719999999999947,True,8e-05,-0.0057999999999999476
2021-10-07 14:30:00,2021-10-08 15:30:00,LONG,1.15631,1.15703,1.0,0.0007200000000000539,0.0007200000000000539,True,8e-05,0.0006400000000000539
